{
  "metadata": {
    "version": "Agent_V2_Optimized",
    "total": 55,
    "timestamp": "2026-04-21 15:58:43"
  },
  "metrics": {
    "avg_score": 3.418181818181818,
    "hit_rate": 0.8727272727272727,
    "agreement_rate": 1.0
  }
}